Neighborhood,Price,Bedrooms,Bathrooms,House Size,Description,Neighborhood Description
Pinecrest Estates,"$550,000",4,3,"2,500 sqft","This beautiful 4-bedroom, 3-bathroom home in Pinecrest Estates is a gem waiting to be discovered. The spacious open floor plan is perfect for entertaining, with a modern kitchen featuring granite countertops and stainless steel appliances. The master suite offers a walk-in closet and a luxurious en-suite bathroom with a soaking tub and separate shower. Enjoy the serene backyard with a patio area, ideal for al fresco dining and relaxing. The property also includes a two-car garage and lush landscaping. ","Pinecrest Estates is a charming and family-friendly neighborhood known for its tree-lined streets and sense of community. Residents enjoy easy access to nearby parks, schools, and shopping centers. With its convenient location and peaceful atmosphere, Pinecrest Estates is a highly sought-after area for those looking to settle down in a welcoming community."
Westchester Estates,"$750,000",4,3,"2,500 sqft","This stunning 4-bedroom, 3-bathroom home is located in the prestigious Westchester Estates neighborhood. The house boasts an open concept floor plan with a spacious living room, a gourmet kitchen with stainless steel appliances, and a cozy breakfast nook. The master bedroom features a walk-in closet and a luxurious en-suite bathroom with a soaking tub and separate shower. The three additional bedrooms are generously sized, offering plenty of space for a growing family or guests. The backyard is perfect for entertaining with a large patio and lush landscaping. Other highlights include a formal dining room, a home office, and a 2-car garage. ","Westchester Estates is known for its upscale, family-friendly atmosphere and well-maintained properties. The neighborhood is conveniently located near top-rated schools, shopping centers, restaurants, and recreational facilities. Residents enjoy easy access to parks, walking trails, and community events. With its tree-lined streets and sense of community, Westchester Estates is the ideal place to call home."
Park Slope,"$1,200,000",3,2.5,"2,000 sqft","This charming brownstone in the heart of Park Slope is a perfect blend of classic details and modern updates. The main floor features a spacious living room with a decorative fireplace, a formal dining room, and a renovated kitchen with stainless steel appliances and granite countertops. Upstairs, you'll find three bedrooms, including a master suite with a private bathroom. The finished basement offers additional living space and a laundry room. Outside, the backyard is a tranquil oasis with a deck for outdoor dining and a garden for relaxing. ","Park Slope is known for its tree-lined streets, historic townhouses, and vibrant community. Residents enjoy easy access to Prospect Park, where they can take a leisurely stroll, go for a run, or enjoy various outdoor activities. The neighborhood is also home to a diverse array of restaurants, cafes, and boutiques, making it a highly desirable place to live in Brooklyn. With excellent schools and convenient transportation options, Park Slope is a sought-after destination for families and professionals alike."
Green Hills,"$800,000",4,3,"2,500 sqft","Welcome to this beautiful 4-bedroom, 3-bathroom home located in the sought-after Green Hills neighborhood. This updated property features a spacious living area with hardwood floors, a modern kitchen with stainless steel appliances, and a cozy fireplace in the family room. The master suite offers a large walk-in closet and a luxurious en-suite bathroom. Outside, the backyard is perfect for entertaining with a patio and lush landscaping. ","Green Hills is known for its upscale residential homes, top-rated schools, and proximity to trendy shopping, dining, and entertainment options. Residents enjoy the convenience of the nearby Green Hills Mall, restaurants, and parks. This family-friendly neighborhood also boasts tree-lined streets and a sense of community, making it a desirable place to call home."
Willow Creek,"$550,000",4,3,"2,500 sqft","Welcome to this stunning 4-bedroom, 3-bathroom home in the desirable Willow Creek neighborhood. This beautifully maintained property features a spacious open floor plan with high ceilings, hardwood floors, and large windows that flood the home with natural light. The gourmet kitchen is equipped with stainless steel appliances, granite countertops, and a center island, perfect for cooking and entertaining. The master suite boasts a luxurious en-suite bathroom with a soaking tub, separate shower, and dual vanity. Outside, the backyard offers a private oasis with a covered patio, perfect for outdoor dining and relaxation. This home also includes a two-car garage and is conveniently located near parks, schools, shopping, and dining. ","Willow Creek is known for its tree-lined streets, well-maintained sidewalks, and family-friendly atmosphere. The neighborhood is located close to top-rated schools, parks, and recreational facilities, making it an ideal location for families. Residents can also enjoy easy access to shopping centers, restaurants, and major highways for convenient commuting. Overall, Willow Creek offers a peaceful and suburban lifestyle with all the conveniences of city living."
Westside Heights,"$450,000",3,2,"2,000 sqft","This charming single-family home in the desirable Westside Heights neighborhood offers 3 spacious bedrooms, 2 bathrooms, and a cozy living room with a fireplace. The kitchen features modern appliances, granite countertops, and a breakfast nook. The property boasts a beautifully landscaped backyard with a patio, perfect for outdoor entertaining. The master bedroom includes an en-suite bathroom with a luxurious soaking tub.  ","Westside Heights is known for its quiet, tree-lined streets and family-friendly atmosphere. Residents enjoy easy access to parks, schools, and shopping centers. The neighborhood is also conveniently located near major freeways, making it a great choice for commuters. Don't miss out on this wonderful opportunity to own a home in this desirable community!"
Oakwood Estates,"$500,000",4,3,"2,500 sqft","Welcome to this charming 4-bedroom, 3-bathroom home located in the desirable Oakwood Estates neighborhood. This beautifully maintained property features a spacious living room with a cozy fireplace, a formal dining area, a gourmet kitchen with granite countertops and stainless steel appliances, and a master suite with a luxurious en-suite bathroom. The backyard oasis boasts a covered patio, perfect for outdoor entertaining, and a lush lawn with mature landscaping. Additional highlights include a two-car garage, hardwood floors throughout, and plenty of natural light. ","Oakwood Estates is a tranquil and family-friendly neighborhood known for its tree-lined streets and well-maintained homes. Residents enjoy easy access to nearby parks, shopping centers, restaurants, and top-rated schools. With its peaceful surroundings and close-knit community atmosphere, Oakwood Estates is the perfect place to call home."
Upper East Side,"$1,500,000",3,2.5,"2,000 sqft","Welcome to this stunning 3-bedroom, 2.5-bathroom home in the prestigious Upper East Side neighborhood. This spacious apartment features a large living room with hardwood floors, a gourmet kitchen with stainless steel appliances, and a master bedroom with an en-suite bathroom. The other two bedrooms are generously sized and share a full bathroom. The apartment also includes a washer/dryer, plenty of closet space, and central air conditioning. ","The Upper East Side is known for its luxury residences, elegant townhouses, and upscale dining and shopping. It is a sought-after neighborhood with a mix of historic charm and modern amenities. Residents enjoy access to Central Park, Museum Mile, and top-rated schools. With convenient access to public transportation and a vibrant cultural scene, the Upper East Side offers a sophisticated lifestyle in the heart of Manhattan."
Maplewood,"$500,000",3,2,"2,000 sqft","Welcome to this charming 3-bedroom, 2-bathroom home located in the desirable Maplewood neighborhood. This well-maintained property features a spacious living room with a cozy fireplace, a modern kitchen with stainless steel appliances, and a dining area that opens up to a lovely backyard with a patio, perfect for outdoor entertaining. The master bedroom boasts an en-suite bathroom and ample closet space. The two additional bedrooms are perfect for guests or a home office. Other highlights include hardwood floors throughout, a two-car garage, and a beautifully landscaped front yard. ","Maplewood is known for its tree-lined streets, friendly community vibe, and convenient location. Residents enjoy easy access to parks, shopping centers, restaurants, and top-rated schools. With close proximity to major highways, commuting to downtown areas or other parts of the city is a breeze. This neighborhood is perfect for families, young professionals, and anyone looking for a peaceful yet vibrant place to call home."
Oak Park,"$650,000",3,2,"2,000 sqft","Welcome to this charming 3-bedroom, 2-bathroom home located in the desirable Oak Park neighborhood. This meticulously maintained property features a spacious living room with a cozy fireplace, a sunlit dining area, and a beautifully updated kitchen with stainless steel appliances and granite countertops. The master bedroom offers a walk-in closet and an en-suite bathroom with a dual vanity. The backyard is perfect for entertaining with a patio area and lush landscaping. Additionally, this home includes a 2-car garage and a separate laundry room. ","Oak Park is known for its family-friendly atmosphere, top-rated schools, and proximity to parks and hiking trails. Residents enjoy easy access to shopping centers, restaurants, and entertainment options. With tree-lined streets and a strong sense of community, Oak Park is a perfect place to call home."
